{"schemaVersion":"1.0","appDefinitionTemplate":{"id":"/providers/Microsoft.PowerApps/apps/","type":"Microsoft.PowerApps/apps","tags":{"primaryDeviceWidth":"1366","primaryDeviceHeight":"768","supportsPortrait":"true","supportsLandscape":"true","primaryFormFactor":"Tablet","showStatusBar":"false","publisherVersion":"3.24072.14","minimumRequiredApiVersion":"2.2.0","hasComponent":"false","hasUnlockedComponent":"false","isUnifiedRootApp":"false","sienaVersion":"20240722T122137Z-3.24072.14.0"},"properties":{"appVersion":"2024-07-22T12:21:37Z","lifeCycleId":"Published","createdByClientVersion":{"major":3,"minor":24072,"build":14,"revision":0,"majorRevision":0,"minorRevision":0},"minClientVersion":{"major":3,"minor":24072,"build":14,"revision":0,"majorRevision":0,"minorRevision":0},"backgroundColor":"RGBA(0,176,240,1)","backgroundImageUri":"/12486732561155663336/N5846ca98-6f42-486a-beb6-ab6dc88e7dbf-logoSmallFile","displayName":"Search_Trials","description":"","commitMessage":"","appUris":{"documentUri":{"value":"/12486732561155663336/N1b530e1d-04e9-42e1-b4f7-0fd2629b9baf-document.msapp"},"imageUris":[],"additionalUris":[{"isSolutionAware":false,"value":"/12486732561155663336/Nd8657a3f-c457-4d3b-83e8-550307a27a8c-identity.json"}]},"createdTime":"0001-01-01T00:00:00Z","lastModifiedTime":"0001-01-01T00:00:00Z","sharedGroupsCount":0,"sharedUsersCount":0,"connectionReferences":{"e2cce50b-cf0b-4a68-b959-e4ae1c1483aa":{"id":"2924d851-14e7-47df-8e69-9f6eef8329ce","displayName":"SharePoint","iconUri":"https://connectoricons-prod.azureedge.net/releases/v1.0.1697/1.0.1697.3784/sharepointonline/icon.png","dataSources":["List_TestCapability"],"dependencies":[],"dependents":[],"parameterHints":{},"parameterHintsV2":{},"isOnPremiseConnection":false,"bypassConsent":false,"dataSets":{"https://jehl.sharepoint.com/sites/WorkflowDevelopment-DEV-GlobalTestingCapability":{"dataSources":{"List_TestCapability":{"tableName":"b423c009-9e9c-4b08-9296-fbaa8f040377"}}}},"apiTier":"Standard","isCustomApiConnection":false}},"databaseReferences":{},"almMode":"Environment","performanceOptimizationEnabled":true,"canConsumeAppPass":true,"enableModernRuntimeMode":false,"executionRestrictions":{"isTeamsOnly":false,"dataLossPreventionEvaluationResult":{"status":"Compliant","lastEvaluationDate":"2024-07-17T01:37:16.9832528Z","violations":[],"violationsByPolicy":[],"violationErrorMessage":"The app uses the following connectors: shared_sharepointonline."}}},"appType":"ClassicCanvasApp","appComponents":[]}}